{
  "frequencies": {
    "actions": {
      "plant": 31756,
      "slide": 111137
    },
    "bonus_kinds": {
      "accent_K": 3403,
      "accent_R": 3425,
      "accent_W": 3528,
      "boat_move": 2128,
      "boat_remove": 2032,
      "none": 93548,
      "plant_basic": 26032,
      "plant_special": 8661,
      "unknown": 136
    },
    "opening_gates_turn_le_4": {
      "-8,0": 4914,
      "0,-8": 6702,
      "0,8": 6177,
      "8,0": 5182
    },
    "opening_plant_codes_turn_le_4": {
      "L": 1,
      "O": 2,
      "R3": 4849,
      "R4": 2928,
      "R5": 5089,
      "W3": 2706,
      "W4": 1650,
      "W5": 5770
    },
    "plant_codes": {
      "L": 4,
      "O": 2,
      "R3": 6312,
      "R4": 4254,
      "R5": 6540,
      "W3": 4149,
      "W4": 2954,
      "W5": 7541
    },
    "plant_gates": {
      "-8,0": 7066,
      "0,-8": 8949,
      "0,8": 8211,
      "8,0": 7414
    },
    "slide_deltas_top40": {
      "-1,-1": 2740,
      "-1,-2": 3068,
      "-1,-3": 1373,
      "-1,0": 2048,
      "-1,1": 3118,
      "-1,2": 3850,
      "-1,3": 1396,
      "-2,-1": 2843,
      "-2,-2": 1275,
      "-2,0": 2012,
      "-2,1": 3295,
      "-2,2": 1466,
      "-3,0": 2518,
      "-4,0": 1274,
      "-4,1": 1279,
      "-5,0": 2166,
      "0,-1": 1781,
      "0,-2": 1852,
      "0,-3": 2835,
      "0,-5": 1702,
      "0,1": 2035,
      "0,2": 2222,
      "0,3": 3241,
      "0,5": 2017,
      "1,-1": 2783,
      "1,-2": 3435,
      "1,-3": 1244,
      "1,0": 1866,
      "1,1": 2861,
      "1,2": 3157,
      "1,3": 1427,
      "1,4": 1231,
      "2,-1": 2869,
      "2,0": 1917,
      "2,1": 3030,
      "2,2": 1353,
      "3,0": 2601,
      "3,1": 1373,
      "4,0": 1258,
      "5,0": 2059
    }
  },
  "log_priors_for_ai": {
    "bonus_kinds": {
      "accent_K": -3.7372078699280133,
      "accent_R": -3.7307656807372127,
      "accent_W": -3.7011445359460082,
      "boat_move": -4.206506694727799,
      "boat_remove": -4.252646545992931,
      "none": -0.42367371744704635,
      "plant_basic": -1.7027941166408949,
      "plant_special": -2.803213437846706,
      "unknown": -6.949933433793153
    },
    "opening_gates_turn_le_4": {
      "-8,0": -1.5422890017736695,
      "0,-8": -1.2320255679969787,
      "0,8": -1.3135861608764094,
      "8,0": -1.4891967161652298
    },
    "opening_plant_codes_turn_le_4": {
      "L": -9.350232740628073,
      "O": -8.944767632519909,
      "R3": -1.5566459372564898,
      "R4": -2.060963574360285,
      "R5": -1.5083468116434504,
      "W3": -2.1397836315737178,
      "W4": -2.6342434772678907,
      "W5": -1.3827792664770524
    },
    "plant_codes": {
      "L": -8.756650939581002,
      "O": -9.267476563346992,
      "R3": -1.615722573647476,
      "R4": -2.010238811007627,
      "R5": -1.5802435140538889,
      "W3": -2.0352252387903573,
      "W4": -2.374834922174903,
      "W5": -1.4378461741967992
    },
    "plant_gates": {
      "-8,0": -1.4991124954504327,
      "0,-8": -1.2628950248723858,
      "0,8": -1.3489520580024628,
      "8,0": -1.4510435815692546
    },
    "slide_deltas_top40": {
      "-1,-1": -3.7028007085702472,
      "-1,-2": -3.589771750253297,
      "-1,-3": -4.393397332090738,
      "-1,0": -3.9937716566341335,
      "-1,1": -3.57361108826523,
      "-1,2": -3.362790671058124,
      "-1,3": -4.376796445616072,
      "-2,-1": -3.6659120139499017,
      "-2,-2": -4.4673933409682975,
      "-2,0": -4.011497379233242,
      "-2,1": -3.5184139138436707,
      "-2,2": -4.327904026730051,
      "-3,0": -3.787261528520423,
      "-4,0": -4.468177347280506,
      "-4,1": -4.46426344795937,
      "-5,0": -3.937779803336674,
      "0,-1": -4.133387196842278,
      "0,-2": -4.094317578587673,
      "0,-3": -3.668728917221015,
      "0,-5": -4.178732124210345,
      "0,1": -4.000136427202619,
      "0,2": -3.9122658909088366,
      "0,3": -3.5349331025774116,
      "0,5": -4.009016603959479,
      "1,-1": -3.687234783418723,
      "1,-2": -3.476815521768887,
      "1,-3": -4.491987995974225,
      "1,0": -4.08679066133131,
      "1,1": -3.6596028447566367,
      "1,2": -3.561184610057446,
      "1,3": -4.354848661973503,
      "1,4": -4.502484660779568,
      "2,-1": -3.6568114961193663,
      "2,0": -4.05984054942965,
      "2,1": -3.60223092781523,
      "2,2": -4.408060351400813,
      "3,0": -3.7548431458005824,
      "3,1": -4.393397332090738,
      "4,0": -4.480805770828686,
      "5,0": -3.9884175430894064
    }
  },
  "metadata": {
    "decode_failed": 17,
    "decode_ok": 7570,
    "fetch_failures": 720,
    "fetched_notation_count": 4930,
    "inline_notation_count": 201,
    "parse_fail_games": 7,
    "rows_total": 7587,
    "total_move_samples": 142893,
    "unique_game_ids": 5650,
    "unique_games_used": 5114
  },
  "probabilities": {
    "actions": {
      "plant": 0.222236218709104,
      "slide": 0.777763781290896
    },
    "bonus_kinds": {
      "accent_K": 0.02381502242937023,
      "accent_R": 0.023968983785069946,
      "accent_W": 0.02468980285948227,
      "boat_move": 0.0148922620422274,
      "boat_remove": 0.014220430671901353,
      "none": 0.6546716774089704,
      "plant_basic": 0.1821782732534134,
      "plant_special": 0.06061178644160316,
      "unknown": 0.0009517611079619015
    },
    "opening_gates_turn_le_4": {
      "-8,0": 0.21388465723612624,
      "0,-8": 0.29170837867247007,
      "0,8": 0.26885745375408054,
      "8,0": 0.22554951033732318
    },
    "opening_plant_codes_turn_le_4": {
      "L": 4.348771472059143e-05,
      "O": 8.697542944118286e-05,
      "R3": 0.21087192868014787,
      "R4": 0.12733202870189173,
      "R5": 0.2213089802130898,
      "W3": 0.11767775603392042,
      "W4": 0.07175472928897586,
      "W5": 0.25092411393781255
    },
    "plant_codes": {
      "L": 0.00012596044841919638,
      "O": 6.298022420959819e-05,
      "R3": 0.19876558760549187,
      "R4": 0.13395893689381536,
      "R5": 0.20594533316538607,
      "W3": 0.13065247512281145,
      "W4": 0.09302179115757653,
      "W5": 0.23746693538228997
    },
    "plant_gates": {
      "-8,0": 0.22332490518331227,
      "0,-8": 0.28283817951959545,
      "0,8": 0.2595132743362832,
      "8,0": 0.2343236409608091
    }
  }
}